{"cameraMode":{"drawMode":0,"name":"Shaded","section":"Shading Mode"},"sceneLighting":false,"audioPlay":false,"sceneViewState":{"showFog":true,"showMaterialUpdate":false,"showSkybox":true,"showFlares":true,"showImageEffects":true,"showParticleSystems":true},"in2DMode":false,"pivot":{"x":0.1519208550453186,"y":-1.8515453338623047,"z":-1.5369071960449219},"rotation":{"x":-0.38709908723831179,"y":0.03649694845080376,"z":-0.015335268341004849,"w":-0.9211946725845337},"size":11.188902854919434,"orthographic":false}