{"cameraMode":{"drawMode":0,"name":"Shaded","section":"Shading Mode"},"sceneLighting":false,"audioPlay":false,"sceneViewState":{"showFog":true,"showMaterialUpdate":false,"showSkybox":false,"showFlares":true,"showImageEffects":true,"showParticleSystems":true},"in2DMode":false,"pivot":{"x":0.0863427221775055,"y":1.2193446159362794,"z":-4.067690372467041},"rotation":{"x":-0.6138997077941895,"y":0.060689572244882587,"z":-0.04742412641644478,"w":-0.7856191992759705},"size":2.2182326316833498,"orthographic":false}