{"cameraMode":{"drawMode":0,"name":"Shaded","section":"Shading Mode"},"sceneLighting":false,"audioPlay":false,"sceneViewState":{"showFog":true,"showMaterialUpdate":false,"showSkybox":false,"showFlares":true,"showImageEffects":true,"showParticleSystems":true},"in2DMode":false,"pivot":{"x":5.960464477539063e-8,"y":1.6720000505447388,"z":-0.7110000252723694},"rotation":{"x":-0.42440176010131838,"y":0.005974173080176115,"z":-0.002799919806420803,"w":-0.9054533839225769},"size":2.9598073959350588,"orthographic":false}