{"cameraMode":{"drawMode":0,"name":"Shaded","section":"Shading Mode"},"sceneLighting":false,"audioPlay":false,"sceneViewState":{"showFog":true,"showMaterialUpdate":false,"showSkybox":false,"showFlares":true,"showImageEffects":true,"showParticleSystems":true},"in2DMode":false,"pivot":{"x":5.960464477539063e-8,"y":1.6720000505447388,"z":-0.7110000252723694},"rotation":{"x":-0.2102302759885788,"y":0.0005844744737260044,"z":-0.00012541370233520865,"w":-0.9776546955108643},"size":0.25980764627456667,"orthographic":false}